[
  {
    "text": "Main Navigation",
    "heading": "true",
    "translate": "sidebar.heading.HEADER"
  },
  {
    "text": "Dashboard",
    "sref": "#",
    "icon": "icon-speedometer",
    "submenu": [
      {"text": "Dashboard v1",       "sref": "app.dashboard"},
      {"text": "Dashboard v2",       "sref": "app.dashboard_v2" },
      {"text": "Dashboard v3",       "sref": "app.dashboard_v3" }
    ],
    "translate": "sidebar.nav.DASHBOARD"
  },
  {
    "text": "Widgets",
    "sref": "app.widgets",
    "icon": "icon-grid",
    "alert": "30",
    "translate": "sidebar.nav.WIDGETS"
  },
  {
    "text": "Components",
    "heading": "true",
    "translate": "sidebar.heading.COMPONENTS"
  },
  {
    "text": "Elements",
    "sref": "#",
    "icon": "icon-chemistry",
    "submenu": [
      {"text": "Buttons",       "sref": "app.buttons", "translate": "sidebar.nav.element.BUTTON" },
      {"text": "Notifications", "sref": "app.notifications", "translate": "sidebar.nav.element.NOTIFICATION" },
      {"text": "ngDialog",      "sref": "app.ngdialog"},
      {"text": "Interaction",   "sref": "app.interaction", "translate": "sidebar.nav.element.INTERACTION" },
      {"text": "Spinners",      "sref": "app.spinners", "translate": "sidebar.nav.element.SPINNER" },
      {"text": "Animations",    "sref": "app.animations", "translate": "sidebar.nav.element.ANIMATION" },
      {"text": "Dropdown",      "sref": "app.dropdown-animations", "translate": "sidebar.nav.element.DROPDOWN" },
      {"text": "Nav Tree",      "sref": "app.navtree", "alert": "New" },
      {"text": "Nestable",      "sref": "app.nestable", "alert": "New" },
      {"text": "Sortable",      "sref": "app.sortable", "alert": "New" },
      {"text": "Panels",        "sref": "app.panels", "translate": "sidebar.nav.element.PANEL" },
      {"text": "Portlets",      "sref": "app.portlets", "translate": "sidebar.nav.element.PORTLET" },
      {"text": "Grid",          "sref": "app.grid", "translate": "sidebar.nav.element.GRID" },
      {"text": "Grid Masonry",  "sref": "app.grid-masonry", "translate": "sidebar.nav.element.GRID_MASONRY" },
      {"text": "Typography",    "sref": "app.typo", "translate": "sidebar.nav.element.TYPO" },
      {"text": "Font Icons",    "sref": "app.icons-font", "alert": "+400", "translate": "sidebar.nav.element.FONT_ICON"  },
      {"text": "Weather Icons", "sref": "app.icons-weather", "alert": "+100", "translate": "sidebar.nav.element.WEATHER_ICON" },
      {"text": "Colors",        "sref": "app.colors", "translate": "sidebar.nav.element.COLOR" }
    ],
    "translate": "sidebar.nav.element.ELEMENTS",
    "alert":"new"
  },
  {
    "text": "Forms",
    "sref": "#",
    "icon": "icon-note",
    "submenu": [
      {"text": "Standard",    "sref": "app.form-standard", "translate": "sidebar.nav.form.STANDARD" },
      {"text": "Extended",    "sref": "app.form-extended", "translate": "sidebar.nav.form.EXTENDED" },
      {"text": "Validation",  "sref": "app.form-validation", "translate": "sidebar.nav.form.VALIDATION" },
      {"text": "Wizard",      "sref": "app.form-wizard", "translate": "sidebar.nav.form.WIZARD" },
      {"text": "Upload",      "sref": "app.form-upload", "translate": "sidebar.nav.form.UPLOAD" },
      {"text": "xEditable",   "sref": "app.form-xeditable"},
      {"text": "Image Crop",  "sref": "app.form-imagecrop"},
      {"text": "uiSelect",    "sref": "app.form-uiselect"}
    ],
    "translate": "sidebar.nav.form.FORM"
  },
  {
    "text": "Charts",
    "sref": "#",
    "icon": "icon-graph",
    "submenu": [
      { "text": "Flot",   "sref": "app.chart-flot", "translate": "sidebar.nav.chart.FLOT" },
      { "text": "Radial", "sref": "app.chart-radial", "translate": "sidebar.nav.chart.RADIAL" }
    ],
    "translate": "sidebar.nav.chart.CHART"
  },
  {
    "text": "Tables",
    "sref": "#",
    "icon": "icon-grid",
    "submenu": [
      { "text": "Standard",   "sref": "app.table-standard", "translate": "sidebar.nav.table.STANDARD" },
      { "text": "Extended",   "sref": "app.table-extended", "translate": "sidebar.nav.table.EXTENDED" },
      { "text": "DataTables", "sref": "app.table-datatable", "translate": "sidebar.nav.table.DATATABLE" },
      { "text": "ngTables",   "sref": "app.table-ngtable" },
      { "text": "xEditable",  "sref": "app.table-xeditable"}
    ],
    "translate": "sidebar.nav.table.TABLE"
  },
  {
    "text": "Maps",
    "sref": "#",
    "icon": "icon-map",
    "submenu": [
      {"text": "Google Maps",   "sref": "app.maps-google", "translate": "sidebar.nav.map.GOOGLE" },
      {"text": "Vector Maps",   "sref": "app.maps-vector", "translate": "sidebar.nav.map.VECTOR" }
    ],
    "translate": "sidebar.nav.map.MAP"
  },
  {
    "text": "More",
    "heading": "true",
    "translate": "sidebar.heading.MORE"
  },
  {
    "text": "Pages",
    "sref": "#",
    "icon": "icon-doc",
    "submenu": [
      { "text": "Login",            "sref": "page.login", "translate": "sidebar.nav.pages.LOGIN" },
      { "text": "Sign up",          "sref": "page.register", "translate": "sidebar.nav.pages.REGISTER" },
      { "text": "Recover Password", "sref": "page.recover", "translate": "sidebar.nav.pages.RECOVER" },
      { "text": "Lock",             "sref": "page.lock", "translate": "sidebar.nav.pages.LOCK" },
      { "text": "Starter Template", "sref": "app.template", "translate": "sidebar.nav.pages.STARTER" },
      { "text": "404", "sref": "page.404" }
    ],
    "translate": "sidebar.nav.pages.PAGES"
  },
  {
    "text": "Extras",
    "sref": "#",
    "icon": "icon-cup",
    "submenu": [
      { "text": "Mailbox",     "sref": "app.mailbox.folder", "translate": "sidebar.nav.extra.MAILBOX" },
      { "text": "Timeline",    "sref": "app.timeline", "translate": "sidebar.nav.extra.TIMELINE" },
      { "text": "Calendar",    "sref": "app.calendar", "translate": "sidebar.nav.extra.CALENDAR" },
      { "text": "Invoice",     "sref": "app.invoice", "translate": "sidebar.nav.extra.INVOICE" },
      { "text": "Search",      "sref": "app.search", "translate": "sidebar.nav.extra.SEARCH" },
      { "text": "Todo List",   "sref": "app.todo", "translate": "sidebar.nav.extra.TODO" },
      { "text": "Profile",     "sref": "app.profile", "translate": "sidebar.nav.extra.PROFILE" },
      { "text": "Code Editor", "sref": "app.code-editor"}
    ],
    "translate": "sidebar.nav.extra.EXTRA"
  },
  {
    "text": "Multilevel",
    "icon": "fa fa-folder-open-o",
    "sref": "app.multilevel",
    "submenu": [
      {
        "text": "Level 1",
        "sref": "app.multilevel.level1",
        "submenu": [
          {"text": "Level1 Item", "sref": "app.multilevel.level1.item" },
          {
            "text": "Level 2", 
            "sref": "app.multilevel.level1.level2",
            "submenu": [
              {
                "text": "Level 3", 
                "sref": "app.multilevel.level1.level2.level3",
                "submenu": [
                  { "text": "Level3 Item", "sref": "app.multilevel.level1.level2.level3.item" }
                ]
              }
            ]
          }
        ]
      }
    ]
  },
  {
    "text": "Documentation",
    "sref": "app.documentation",
    "icon": "icon-graduation",
    "translate": "sidebar.nav.DOCUMENTATION"
  }
]
