{
  "sidebar": [
    {
      "text": "Main Navigation",
      "heading": "true",
      "translate": "sidebar.heading.HEADER"
    },
    {
      "text": "Dashboard",
      "href": "#dashboard",
      "icon": "icon-speedometer",
      "submenu": [
        {"text": "Dashboard v1", "href": "dashboard.html"},
        {"text": "Dashboard v2", "href": "dashboard_v2.html" },
        {"text": "Dashboard v3", "href": "dashboard_v3.html" }
      ],
      "translate": "sidebar.nav.DASHBOARD"
    },
    {
      "text": "Widgets",
      "href": "widgets.html",
      "icon": "icon-grid",
      "alert": "30",
      "translate": "sidebar.nav.WIDGETS"
    },
    {
      "text": "Components",
      "heading": "true",
      "translate": "sidebar.heading.COMPONENTS"
    },
    {
      "text": "Elements",
      "href": "#elements",
      "icon": "icon-chemistry",
      "submenu": [
        {"text": "Buttons",       "href": "buttons.html", "translate": "sidebar.nav.element.BUTTON" },
        {"text": "Notifications", "href": "notifications.html", "translate": "sidebar.nav.element.NOTIFICATION" },
        {"text": "Carousel",      "href": "carousel.html", "translate": "sidebar.nav.element.INTERACTION" },
        {"text": "Spinners",      "href": "spinners.html", "translate": "sidebar.nav.element.SPINNER" },
        {"text": "Animations",    "href": "animations.html", "translate": "sidebar.nav.element.ANIMATION" },
        {"text": "Dropdown",      "href": "dropdown-animations.html", "translate": "sidebar.nav.element.DROPDOWN" },
        {"text": "Nestable",      "href": "nestable.html", "alert": "New" },
        {"text": "Sortable",      "href": "sortable.html", "alert": "New" },      
        {"text": "Panels",        "href": "panels.html", "translate": "sidebar.nav.element.PANEL" },
        {"text": "Portlets",      "href": "portlets.html", "translate": "sidebar.nav.element.PORTLET" },
        {"text": "Grid",          "href": "grid.html", "translate": "sidebar.nav.element.GRID" },
        {"text": "Grid Masonry",  "href": "grid-masonry.html", "translate": "sidebar.nav.element.GRID_MASONRY" },
        {"text": "Typography",    "href": "typo.html", "translate": "sidebar.nav.element.TYPO" },
        {"text": "Font Icons",    "href": "icons-font.html", "alert": "+400", "translate": "sidebar.nav.element.FONT_ICON"  },
        {"text": "Weather Icons", "href": "icons-weather.html", "alert": "+100", "translate": "sidebar.nav.element.WEATHER_ICON" },
        {"text": "Colors",        "href": "colors.html", "translate": "sidebar.nav.element.COLOR" }
      ],
      "translate": "sidebar.nav.element.ELEMENTS"
    },
    {
      "text": "Forms",
      "href": "#forms",
      "icon": "icon-note",
      "submenu": [
        {"text": "Standard",   "href": "form-standard.html", "translate": "sidebar.nav.form.STANDARD" },
        {"text": "Extended",   "href": "form-extended.html", "translate": "sidebar.nav.form.EXTENDED" },
        {"text": "Validation", "href": "form-validation.html", "translate": "sidebar.nav.form.VALIDATION" }
      ],
      "translate": "sidebar.nav.form.FORM"
    },
    {
      "text": "Charts",
      "href": "#charts",
      "icon": "icon-graph",
      "submenu": [
        { "text": "Flot",   "href": "chart-flot.html", "translate": "sidebar.nav.chart.FLOT" },
        { "text": "Radial", "href": "chart-radial.html", "translate": "sidebar.nav.chart.RADIAL" }
      ],
      "translate": "sidebar.nav.chart.CHART"
    },
    {
      "text": "Tables",
      "href": "#tables",
      "icon": "icon-grid",
      "submenu": [
        { "text": "Standard",   "href": "table-standard.html", "translate": "sidebar.nav.table.STANDARD" },
        { "text": "Extended",   "href": "table-extended.html", "translate": "sidebar.nav.table.EXTENDED" },
        { "text": "DataTables", "href": "table-datatable.html", "translate": "sidebar.nav.table.DATATABLE" },
        { "text": "jqGrid",     "href": "table-jqgrid.html" }
      ],
      "translate": "sidebar.nav.table.TABLE",
      "alert":"new"
    },
    {
      "text": "Maps",
      "href": "#maps",
      "icon": "icon-map",
      "submenu": [
        {"text": "Google Maps",   "href": "maps-google.html", "translate": "sidebar.nav.map.GOOGLE" },
        {"text": "Vector Maps",   "href": "maps-vector.html", "translate": "sidebar.nav.map.VECTOR" }
      ],
      "translate": "sidebar.nav.map.MAP"
    },
    {
      "text": "More",
      "heading": "true",
      "translate": "sidebar.heading.MORE"
    },
    {
      "text": "Pages",
      "href": "#pages",
      "icon": "icon-doc",
      "submenu": [
        { "text": "Login",            "href": "login.html", "translate": "sidebar.nav.pages.LOGIN" },
        { "text": "Sign up",          "href": "register.html", "translate": "sidebar.nav.pages.REGISTER" },
        { "text": "Recover Password", "href": "recover.html", "translate": "sidebar.nav.pages.RECOVER" },
        { "text": "Lock",             "href": "lock.html", "translate": "sidebar.nav.pages.LOCK" },
        { "text": "Starter Template", "href": "template.html", "translate": "sidebar.nav.pages.STARTER" },
        { "text": "404",              "href": "404.html" }
      ],
      "translate": "sidebar.nav.pages.PAGES"
    },
    {
      "text": "Extras",
      "href": "#extras",
      "icon": "icon-cup",
      "submenu": [
        { "text": "Mailbox",  "href": "mailbox.html", "translate": "sidebar.nav.extra.MAILBOX" },
        { "text": "Timeline", "href": "timeline.html", "translate": "sidebar.nav.extra.TIMELINE" },
        { "text": "Calendar", "href": "calendar.html", "translate": "sidebar.nav.extra.CALENDAR" },
        { "text": "Invoice",  "href": "invoice.html", "translate": "sidebar.nav.extra.INVOICE" },
        { "text": "Search",   "href": "search.html", "translate": "sidebar.nav.extra.SEARCH" },
        { "text": "Todo List","href": "todo.html", "translate": "sidebar.nav.extra.TODO" },
        { "text": "Profile",  "href": "profile.html", "translate": "sidebar.nav.extra.PROFILE" }
      ],
      "translate": "sidebar.nav.extra.EXTRA"
    },
    {
      "text": "Multilevel",
      "icon": "fa fa-folder-open-o",
      "href": "#multilevel",
      "submenu": [
        {
          "text": "Level 1",
          "href": "#level1",
          "submenu": [
            {"text": "Level1 Item", "href": "multilevel-1.html" },
            {
              "text": "Level 2", 
              "href": "#level2",
              "submenu": [
                {
                  "text": "Level 3", 
                  "href": "#level3",
                  "submenu": [
                    { "text": "Level3 Item", "href": "multilevel-3.html" }
                  ]
                }
              ]
            }
          ]
        }
      ]
    },
    {
      "text": "Documentation",
      "href": "documentation.html",
      "icon": "icon-graduation",
      "translate": "sidebar.nav.DOCUMENTATION"
    }
  ]
}